player_count,hour_of_day,day_of_week,hero_level,hero_kills,deaths,unit_kills,total_gold,highest_atk,highest_def,highest_speed,atk_range,gold_per_level,atk_per_level,def_per_level,speed_per_level,kd_ratio,total_kills,gold_efficiency,death_ratio,is_winner
5,0,5,11,5,7,60,1770,70,145,481,203,394,9,4,23,2.389578880436763,6,494.50967973659914,1.6062400065344034,0
6,4,2,8,16,2,40,4155,133,52,206,182,679,8,6,27,0.622887913601536,3,1218.086349946478,2.3651985928347377,1
4,22,5,11,1,8,32,11693,260,138,302,202,322,19,9,24,3.282824433109113,89,1107.0434456850799,2.454312504965245,1
6,9,0,4,2,12,49,11906,260,98,392,116,599,6,5,19,4.35319800028594,68,224.32455615112863,2.873736227146945,1
6,21,1,17,4,3,67,13916,189,124,440,105,651,19,4,16,4.158110759684919,59,853.1584705911862,2.4728039577686234,1
3,4,6,7,4,12,70,12777,86,91,261,246,303,6,12,17,3.1676680740059266,54,1281.964101313345,1.6945243101522798,0
4,3,2,8,0,5,85,2628,91,198,216,127,661,17,4,12,0.4688657115932008,15,1727.4917934178036,0.538970897510538,0
4,1,1,3,7,9,32,14989,194,86,370,137,595,17,3,24,0.6507454331624636,98,1799.555804905731,0.2992906731085272,0
4,19,2,2,11,4,80,1386,150,83,224,218,536,8,7,25,0.34161403683814096,89,1070.9299460598018,0.1635356697325776,1
6,9,4,15,3,9,23,7031,295,99,450,136,798,14,14,13,1.3616481608130997,81,1511.1604771389887,1.9995774953561511,1
5,18,3,5,12,12,60,12613,97,130,452,214,341,17,8,15,0.764741189085851,28,769.6182377602238,2.4226087661939792,0
4,0,4,1,14,0,60,7439,152,86,406,167,516,14,8,10,1.3742353972369263,22,815.9355303655834,1.526051852052237,1
7,23,5,4,10,8,97,7401,77,167,228,142,757,17,11,13,1.9867844730229125,116,550.0343345281647,0.16414252450091982,0
6,4,1,15,9,0,27,14392,90,197,316,157,726,19,6,20,4.720615641948565,13,1211.506597987831,1.6064117237740145,1
3,12,5,19,2,7,57,5008,148,164,481,112,755,13,3,21,3.0908426929302912,78,766.2154716692575,2.807247784573651,1
5,3,3,3,13,8,42,13285,96,132,343,151,600,12,8,14,4.191371549846515,48,351.86761358930903,1.7928395727973814,0
7,15,2,11,15,8,40,13555,289,195,224,157,509,7,7,25,3.5807223534904282,32,1433.0109559937218,2.4282824653884445,0
7,23,3,17,9,0,38,3466,195,114,355,131,694,19,12,22,0.6512653395804956,24,1473.9557736897168,2.4004579451752517,1
3,15,0,13,9,1,85,3282,255,90,272,204,755,18,8,22,3.70600999123235,20,847.9863538023042,2.7963872993419585,0
5,22,3,11,11,11,48,2856,276,32,319,182,308,13,5,26,1.4479845196397099,16,338.10211902084103,2.31068629694962,0
6,1,0,2,8,12,16,8980,285,157,292,198,571,18,4,16,3.2316284502740613,22,967.3358913261667,2.243101542039269,1
2,16,3,9,0,0,97,2998,154,115,285,203,405,9,8,17,1.770713670850644,56,996.2038244903878,0.7023079949119218,1
5,19,6,2,4,9,69,6476,173,76,317,127,242,15,3,22,4.98859408999683,106,1403.6075928162072,0.17977546596324434,1
3,23,0,9,19,1,69,10428,248,105,432,228,444,7,9,25,1.3914022495342115,80,767.7495042656303,1.5527983951614233,0
7,11,1,9,7,9,97,5669,282,67,398,147,486,9,9,13,1.4677393067939215,57,1428.6787036063497,0.3733026238402656,1
6,17,5,8,10,11,64,13336,62,193,405,139,554,17,12,17,4.660294052255751,13,1768.679375163299,2.886587628833974,1
5,2,5,17,11,7,73,10342,259,198,346,196,675,14,9,25,0.2207575827179811,92,627.4748762519597,0.8697742878990857,1
2,0,4,1,0,4,84,5318,278,170,470,213,282,17,14,19,3.513776040578665,19,1962.0552010158196,2.558832610152879,1
2,0,5,11,19,11,4,8064,190,116,338,231,309,8,13,21,3.654099314605803,29,895.4626468462525,1.162873875607378,1
4,18,2,8,10,10,1,8446,149,87,380,236,389,12,12,21,4.198255029310957,18,681.0656332647111,0.9695827495721323,0
4,10,6,10,4,6,21,2431,80,79,229,210,450,17,3,14,4.874752622128529,52,958.720128518523,2.8054757171298634,1
3,4,3,7,14,1,56,6624,179,59,256,243,490,16,6,25,4.880449403867597,102,369.9154566269465,1.089967716258672,1
5,11,4,3,4,7,65,8461,65,130,431,175,400,9,9,10,0.4198561120756731,55,426.2706317218082,1.1708637259894092,0
5,2,2,3,11,10,73,2819,186,54,345,130,525,14,13,18,4.127012681489222,76,945.9812845429965,0.3182753388387275,1
7,0,2,18,4,5,97,11516,122,141,247,218,710,16,11,21,3.2669186749211687,81,1572.40013949038,2.011339995847528,1
7,0,0,5,16,7,15,14749,215,184,393,241,608,12,7,14,3.271976458428147,22,1820.5620312340836,0.8665182434325405,0
7,7,5,12,16,0,50,2130,252,155,423,124,707,13,4,29,0.7289146404120045,61,1396.6723832892876,1.7568125035185216,1
4,9,1,12,11,14,38,14969,103,152,335,133,271,8,9,12,3.2859171155837017,109,389.3951994287055,1.7740551121596284,0
5,10,1,19,14,0,85,7563,233,76,221,166,446,11,12,14,4.914164644946115,32,1409.6355719249632,2.157599086787301,1
5,11,4,6,14,11,75,3658,263,147,205,217,786,6,3,11,4.56791099074329,102,1343.7702572653495,2.235724458517324,0
2,12,6,2,5,6,87,4500,274,68,403,172,765,10,9,23,2.2517402379437677,103,1650.3750529279962,1.5433573032046182,0
4,11,1,12,11,7,39,9566,149,45,438,125,543,12,8,11,0.29574506910186227,17,1685.4475999739257,0.992975842810209,1
6,13,3,19,19,12,37,3120,158,51,384,247,253,16,9,22,1.875238101001004,72,1762.765536402162,2.5123526845042017,0
4,1,1,5,17,2,59,5020,136,83,491,203,727,11,12,16,4.149312526842721,32,945.4367262423771,0.9295969482254541,0
6,18,4,12,13,4,58,11213,222,178,419,109,731,11,5,19,3.5373455971793137,31,1456.1559116338597,1.5225272834079944,1
2,17,1,17,1,11,9,12897,286,45,315,166,757,12,5,22,2.3507839124103866,60,682.8506460601593,1.2037577496111842,1
3,2,3,17,8,0,98,14341,211,88,248,104,392,11,9,25,0.36999752227827243,53,1998.8053039703077,2.5652351579090644,0
5,22,0,10,4,6,63,4259,186,60,372,126,257,9,4,23,2.191784166334183,16,515.6016344783479,1.2957555934374865,1
2,16,6,17,19,4,62,12627,265,199,281,212,636,11,3,20,2.3982222046176296,18,218.20597698950445,1.1582975665124529,0
5,7,4,15,0,7,48,11081,57,61,244,114,310,17,11,19,4.649922111181266,90,467.8556861327168,2.0694710786929122,0
7,9,0,12,2,12,63,2823,56,191,219,204,328,18,11,15,3.2413219075525816,69,1596.570121179428,1.807323329584328,1
3,1,0,16,5,7,31,2474,85,38,420,143,525,14,9,13,1.6270992916077798,98,1004.2106177147807,0.3217405004875382,1
3,18,0,19,4,8,6,3242,67,168,322,125,207,7,9,10,2.674059495808535,119,1005.500446058771,1.5245064190318898,0
2,8,2,8,4,6,20,14467,52,39,433,194,228,9,5,16,0.4236710083285844,100,1919.0412553010033,2.2064351649997427,1
3,6,6,17,0,10,19,4243,77,46,420,183,311,11,12,18,4.86558435468371,33,1855.3428344505337,2.976224293774069,1
6,3,5,5,16,0,25,7990,119,97,202,239,330,19,4,17,1.8642935194605577,83,760.1505280472165,1.8874405019109575,0
3,20,6,16,18,12,67,6160,285,77,381,231,387,13,13,14,2.441550039074366,24,576.3046318055591,1.1108791993239533,0
5,17,2,6,13,2,85,4134,221,140,405,186,674,19,9,28,1.840891473760921,67,1727.2679778807315,0.6784547994063552,0
5,12,5,8,11,7,14,3070,198,182,239,211,563,6,11,19,3.444307477569381,73,1830.8343278798538,2.618490702459961,0
5,10,6,18,9,2,84,1359,77,152,258,228,403,8,3,20,3.344937575815006,73,1174.8744610372764,2.4436956363405082,0
5,23,0,12,19,7,78,11233,281,178,261,188,411,16,6,24,3.605079321592765,87,1332.9626800107808,0.7017684623381546,0
6,3,4,15,17,0,85,2141,103,130,331,165,475,11,8,15,1.4139018250984123,84,662.445712446128,0.6018962704397204,1
4,20,5,9,10,4,91,2635,231,131,259,230,272,5,9,24,1.6467755577039236,10,1641.4448383613442,2.145410330433527,0
7,3,3,13,1,3,13,14691,114,94,321,221,442,17,12,14,0.713731032371419,90,1337.8203712082416,0.9448561857562784,1
2,9,3,15,17,4,26,5000,149,80,306,248,301,6,9,28,3.311998862045952,15,1106.3243203363938,0.9191963950858735,1
5,4,1,10,6,7,39,11135,70,65,295,183,370,13,12,28,0.2950059239446975,89,308.1954009411125,0.4568707412029658,0
3,8,5,16,14,9,57,13966,284,110,434,215,387,17,4,19,3.02864344406495,60,1848.6829325200767,0.7919265591294897,1
5,23,4,7,10,14,27,4361,276,156,261,215,640,14,6,21,4.361509835773006,93,1307.812556691931,1.2825226727779486,0
3,2,2,17,17,13,25,7583,62,117,455,137,285,11,7,13,4.465077526619204,112,546.8439704473424,2.1985150118172467,1
7,16,0,7,11,3,62,8835,106,133,248,242,675,16,14,27,2.3002850258128125,79,1291.495010569495,1.0089242832412493,0
7,2,1,14,5,10,65,12172,98,44,358,209,251,14,3,25,2.3505880722440615,6,1419.4340376319522,0.9858130184395281,0
7,15,3,15,19,3,24,1006,167,125,323,145,310,11,3,17,0.4771489967392851,15,1146.386606029806,0.8547397576573075,0
3,3,2,7,12,14,2,4267,103,196,406,124,242,10,12,13,3.3867486246708753,98,1492.5831283208406,1.434851002533129,0
5,17,2,9,19,2,71,7564,187,152,247,120,410,7,5,21,4.124171159826943,15,1246.6171062715237,0.541910093823946,1
7,16,0,19,15,6,43,10783,102,30,335,220,399,14,12,11,1.298809767563094,39,1905.985247657867,1.4568922020963766,1
6,6,5,16,17,2,96,5928,93,180,400,221,225,7,5,13,2.164374320003487,11,296.65474147875227,2.11252666858407,1
3,23,3,8,9,11,41,12456,96,151,449,232,498,6,14,14,4.210312750149825,34,391.24227524520893,0.08937151209786653,1
3,22,4,18,7,2,98,3606,102,196,494,169,276,15,10,12,4.397890291545211,112,512.6089465178118,0.029338140917285593,1
5,4,2,18,17,10,5,12411,123,155,408,212,336,10,11,18,1.2915819032947073,20,1442.307927087798,0.22536873046352768,0
3,11,0,7,0,9,38,6906,95,86,410,206,219,8,13,27,2.797796109252685,49,1362.0725709496555,1.6069801851843364,0
3,16,4,3,7,4,51,4273,62,110,391,211,639,9,14,20,1.0432164381155526,42,1805.7059483774492,2.5633652495562105,0
7,22,5,18,5,4,22,8611,214,191,243,207,410,7,3,12,0.5992059442838271,99,1519.1794151910171,0.014653398060755829,0
5,12,3,10,4,13,88,1913,151,198,228,146,750,10,13,11,4.564490456820592,111,1115.039877616266,2.809983913754043,0
7,22,5,7,14,5,49,3011,73,102,258,190,634,15,4,18,4.120486770737335,16,1985.2972264345344,0.3188355347116074,1
7,2,2,17,14,7,42,2442,51,170,270,117,406,16,12,23,3.8241710188355524,31,678.9943211047384,2.5259505841746788,0
5,8,4,14,1,9,18,6546,263,99,291,248,638,7,4,13,0.3389549621843881,40,1699.744987613817,1.4485642949488402,0
2,16,4,3,0,5,68,12246,130,35,464,203,241,18,6,18,4.2342710842802616,5,968.2226699490549,1.9780721618365318,1
7,16,4,12,10,14,50,14790,149,113,419,139,610,19,4,22,2.2464159719363805,87,1367.7232499763215,1.5320489533415471,1
6,19,2,13,9,11,10,12738,191,81,414,237,722,18,9,27,1.7777361041497124,26,1509.0832468143813,1.431144675538064,0
6,15,2,2,17,0,11,13413,187,32,476,188,626,12,11,24,2.777734169024345,19,1340.7573569426054,2.5046982850931743,0
3,21,5,3,17,14,73,14104,212,110,263,160,474,13,9,19,0.5476308893454236,24,452.9131455954679,2.267659138703449,1
6,12,1,5,16,7,7,12120,202,92,491,104,647,8,14,25,3.8075680918267545,65,997.311819346279,1.4502067095690125,0
3,18,5,11,7,7,23,2829,180,78,444,221,568,19,8,21,2.95393187675265,8,1210.5890802796239,0.3349077881881848,0
2,16,3,8,14,8,91,9767,160,105,261,154,419,13,12,29,1.014291474678521,91,1728.2787665214742,0.3462088779432244,0
5,3,0,12,7,8,40,7468,151,141,369,136,776,16,3,14,1.0223377788683234,52,998.5623478374301,2.4046183821572265,1
5,11,4,7,16,1,35,14703,66,138,468,155,431,11,13,11,1.0028183927061038,60,1853.7451486476527,1.5881718640426004,0
5,8,1,15,11,14,84,1929,61,94,466,201,527,7,12,19,0.3793116990044766,37,992.6736014453792,1.4447674206580878,0
6,18,0,17,7,1,71,12951,231,110,253,192,642,11,11,10,2.9802124019212557,2,1187.8037466734208,2.0417005240821453,1
2,11,1,4,13,2,54,4699,165,44,215,172,251,18,7,16,4.21770607018369,83,1633.3142292970417,2.576524750242781,1
6,8,6,13,3,0,8,10655,73,129,207,158,575,5,13,26,0.18574124853820415,69,1249.5218319598584,1.8866194332399155,1
6,6,5,18,0,3,46,12467,78,61,303,101,462,7,7,25,0.3401227603592404,102,1928.3925302890843,2.288543707039437,0
2,13,2,1,0,13,14,14120,220,125,258,203,466,10,8,12,2.906574355766035,96,1388.6044949254297,2.2958115723508707,1
2,19,4,16,18,3,47,2054,202,157,239,150,558,8,11,23,4.115528858391657,54,1140.877017321682,1.068784346378877,0
2,18,5,13,15,13,81,6744,277,175,436,129,516,11,10,19,1.7010205637863047,0,242.46554200543255,0.8222495869229871,1
2,14,0,10,13,8,41,2900,171,142,293,110,523,18,10,16,1.8131105541578387,100,944.7192156445936,2.403492201525476,0
5,15,6,12,15,8,59,10649,237,112,421,207,762,7,10,26,3.0220978377342025,69,738.6471546682887,1.1315363753527306,1
4,20,6,2,4,8,83,7980,139,72,403,175,620,5,3,15,1.4436431567083203,44,1546.5902021974805,2.7100080195681153,0
4,4,6,3,8,9,69,8069,279,145,337,189,245,13,3,13,0.23038099378065227,97,574.8998152763825,0.20907209019035888,0
2,2,0,10,1,6,11,10591,114,192,499,222,799,19,10,26,3.702619738697821,46,569.3961571293293,0.17465253622601895,1
4,11,0,2,17,13,1,4415,133,107,406,224,468,10,7,18,3.1656845734131207,78,541.1342778272782,2.781012480304225,1
4,19,0,13,5,14,6,1442,168,87,280,221,580,12,11,13,2.9457043953727298,108,426.10810368122463,1.9453647425443046,0
2,20,0,13,8,1,79,12842,205,62,417,193,317,7,4,16,3.7342522320599336,25,759.8126066075973,1.1387980693449968,1
4,3,6,18,0,9,2,7218,65,43,201,202,765,12,11,11,3.4086311040539843,13,1794.6598059981652,2.2651812444485486,0
6,20,6,3,8,4,2,5652,224,191,377,130,315,6,14,26,1.1088217420737738,53,1594.8712501507189,2.016980429980924,1
3,22,1,7,15,3,26,8939,258,161,478,151,459,16,10,17,1.8271571300224208,70,1523.4521893522283,1.5936031404587887,1
3,15,5,14,12,11,39,8833,153,88,345,188,274,8,11,24,0.7179396942252625,45,1635.206250169933,0.29662002798795406,0
2,6,4,17,8,10,32,10370,141,186,423,175,679,7,6,24,0.7362993657476171,30,684.9522007932289,2.4365387618782544,1
5,12,2,12,12,7,91,8597,235,112,261,228,504,14,3,17,3.4133591571470427,87,1797.395043354478,2.598069572041874,1
2,20,6,16,8,1,0,5458,253,163,493,121,206,5,3,25,4.307140524214241,58,447.14607525488793,0.5165060656579473,0
5,9,2,12,10,5,7,7591,76,150,438,139,565,19,7,28,4.817389660919581,94,805.4223080880475,2.5515349559312,0
3,6,5,15,3,12,31,10449,295,197,394,200,722,17,4,20,3.178900875992278,28,1256.1466141412172,2.6335419330496928,1
2,13,5,10,1,4,47,12826,230,112,365,210,547,17,10,11,1.0020964844686893,105,385.2291590156011,1.648285836865548,0
7,4,2,7,5,14,3,11033,219,56,421,228,637,11,12,26,0.6176866926997605,95,1514.2343379975648,1.9685371086680612,1
6,2,6,5,13,11,93,3309,236,109,260,164,414,15,13,25,4.082969760530113,16,897.0428867662549,1.1467119600434743,1
4,22,2,1,3,1,69,7268,224,163,328,248,628,14,7,24,2.935906734163997,13,1611.9301980951202,0.845374942527798,0
5,10,1,17,5,10,18,1910,271,42,372,178,697,6,7,22,3.1295966029672275,103,1087.2133140522849,2.1659494408549342,0
7,10,3,3,18,9,31,5340,282,93,355,121,739,8,4,24,3.9291642348980758,35,525.5741439656055,2.5856254470474247,0
4,17,6,13,5,14,8,13829,211,176,309,198,566,13,9,13,3.5460584158890134,57,1522.57126043962,1.9622326588672427,0
4,14,6,14,1,0,11,5009,214,109,468,107,512,10,10,25,4.188845438994874,111,653.8591205100984,1.5347718319396475,0
2,11,4,18,17,7,10,7628,183,152,477,116,737,12,12,21,0.3754481367534046,23,1083.458542282477,0.4767743005325147,0
4,8,0,4,12,1,45,3169,184,72,273,116,253,6,3,13,3.762851120057874,108,335.9598844824337,0.16037613781445448,1
6,9,3,18,8,6,15,3172,273,118,406,189,740,11,4,12,4.269178510878268,62,1312.159977941666,1.3370753707402394,1
7,11,5,5,18,8,0,6668,273,177,478,240,666,10,12,26,1.5020617080457404,117,1398.543979189299,0.14804869109226382,0
4,16,6,16,12,8,62,7313,294,124,403,244,363,17,6,27,3.2381916425669393,90,881.6135779510104,1.7080038957216752,1
2,5,2,1,10,7,20,9315,202,180,360,180,533,18,7,27,1.6393941128011635,24,1917.961004577933,1.1481875739533138,1
6,6,3,14,0,10,29,9036,82,31,227,177,746,13,4,26,4.794058225764025,58,1773.504058667723,2.2715673590459082,1
3,13,4,15,6,13,12,12350,104,149,456,105,547,11,3,21,0.2637755049339684,31,1474.2936483319904,0.9169454905085503,1
7,12,5,9,14,11,33,7789,235,51,364,209,472,5,11,13,2.94098493478148,115,1484.5737340887367,1.7789481029022962,0
4,7,0,15,0,9,3,1785,56,144,262,113,613,18,3,21,0.915867380542624,81,654.3230868958722,1.6130505652653016,1
2,9,0,17,11,8,27,7139,293,86,221,171,699,12,6,29,3.589879005368078,109,1382.2674159592082,0.014137276566723478,1
3,8,4,4,6,1,94,7344,106,101,269,242,292,15,4,24,0.9618623887514443,17,556.7712774239353,0.21716819479293104,0
3,17,4,12,14,5,58,3416,175,36,295,153,278,14,13,25,1.2533779833019523,36,459.20580305567984,0.8711046374580615,0
5,1,2,5,18,3,26,9988,61,148,362,126,416,19,6,14,2.522416974124215,25,1999.0422095646443,2.6467052430622955,0
6,4,6,5,0,13,68,13364,65,143,278,112,557,7,10,24,4.582691254984702,8,1320.2766766517134,0.4410448646993357,0
4,4,0,11,16,3,24,5154,257,45,204,159,706,18,10,26,1.1374004235250572,98,975.7781707829429,2.1326829913816248,1
2,5,5,6,16,4,2,6619,92,112,319,105,758,6,13,27,0.8067761034787073,63,718.6961411911124,2.920099698456862,0
5,18,3,7,2,11,96,2936,166,101,377,157,380,16,14,14,3.8189864760847505,71,1287.0567985920093,2.3717026580734655,1
6,7,5,14,11,2,67,11348,277,153,375,148,775,7,11,22,2.553035708436262,19,289.26831479615504,0.7288360850611318,1
5,15,1,11,5,13,24,4807,254,142,416,125,445,15,13,28,4.56774705067068,53,370.4257829086311,2.725095781239245,0
7,12,1,13,10,0,19,8151,184,41,255,146,443,10,14,22,0.8184113300832272,105,259.14205593271345,0.27932146952517023,0
6,0,4,2,2,7,33,10493,277,155,386,104,705,17,7,27,3.265046675812893,85,1098.505699872791,1.4044258256122073,0
6,21,2,7,7,4,25,13355,160,82,431,119,621,18,9,23,1.241107816143894,82,1281.0919325369287,2.662625723179241,0
4,19,1,4,13,2,4,12332,100,104,454,233,519,7,5,13,0.8681261003930326,29,312.4635704440775,1.9237971277706092,0
6,16,0,8,13,9,98,4236,250,162,303,158,286,14,12,13,3.4488041342706257,52,1498.2040414980497,1.2409336941830964,0
5,6,5,19,9,13,60,3352,209,56,276,245,416,9,6,29,3.009054637552793,91,614.711128726216,0.8784386002115063,1
6,12,5,13,1,6,91,2932,124,169,429,231,689,10,12,29,3.7986545459754235,98,1433.362616785759,1.1252982159550498,1
4,3,4,14,13,6,92,11913,57,174,457,116,718,12,11,28,1.6163666245862938,106,1967.4148520634421,1.5268253430278587,1
4,3,6,10,8,0,8,9556,274,163,463,113,477,11,12,22,2.295061116272731,62,1443.990566096932,0.9571317896184222,1
7,5,6,11,2,11,49,5916,264,126,381,112,368,18,12,21,2.0868112140190505,10,1789.7474952624952,2.906903586246899,0
5,18,3,2,7,8,5,6498,266,34,455,234,529,15,14,16,4.922038373435919,30,1906.7573121375212,2.7992329591984353,0
3,11,4,9,15,14,82,11582,297,86,237,227,640,12,3,21,1.532019888023001,48,1076.1518870341679,2.612014404642962,1
3,21,3,17,1,1,59,1946,249,185,375,143,590,7,4,13,1.544604467899158,111,1464.1849629554722,1.26548950656796,1
6,6,6,3,5,4,43,14865,94,107,226,218,695,8,7,11,1.8372862232601763,102,1733.5446564005151,2.0739053080056866,1
7,9,4,6,11,12,10,10569,263,98,475,242,580,10,5,11,2.8665109983225756,99,841.896043173895,2.708487921107894,0
2,18,4,5,4,13,65,2439,108,147,339,118,505,15,4,14,1.3363814468923518,93,670.5151698087109,2.551288463036784,0
6,6,4,5,1,4,46,12372,181,149,498,162,712,11,3,19,4.584920707858442,86,1903.8774310010097,1.2429810420606229,0
7,2,6,15,15,13,72,8730,153,88,486,180,387,13,12,19,1.4018592678446913,18,1507.3463006638724,0.3371581479667821,1
5,12,3,17,4,7,84,5857,244,62,290,246,715,17,5,18,4.489497084644954,11,595.4278400764874,0.2268910915036484,1
5,12,3,9,14,13,87,1340,206,91,260,247,626,5,3,22,0.6070278118682648,14,1008.3501068170042,1.7311921356771078,0
5,17,4,3,11,7,97,12181,282,79,362,199,701,17,14,16,3.317157241758297,30,1633.6131851680568,1.927883805632795,0
5,19,1,17,3,13,85,1382,206,141,342,221,459,19,3,14,4.544229040347394,42,1184.7133836531957,2.549527813791072,1
5,7,2,10,14,6,2,14291,147,48,452,143,712,12,14,19,0.9268722481513247,100,1369.9137766986003,0.8775450610230932,1
7,8,6,3,10,6,75,10748,275,152,468,203,270,12,3,19,4.84480210448635,36,1556.7827636810941,0.5024114716501275,0
7,6,2,18,15,11,91,9491,205,76,490,160,677,10,10,15,2.3191284660360076,78,1319.616539856165,1.1370174995345983,1
4,0,2,18,5,10,29,1138,254,196,386,224,377,8,5,28,4.73400403136102,28,1172.1427794599524,1.0607253708968252,0
3,2,3,17,13,5,89,1358,128,62,490,244,656,7,13,17,3.4164182137872308,113,1549.3057118979923,0.39740686205356424,0
5,12,3,3,17,5,20,5931,173,170,285,170,388,15,3,10,1.5777756623804027,106,1509.6134637779612,2.0168479575394564,1
2,16,1,3,11,10,27,10714,264,113,365,206,490,7,9,26,1.0226823720938216,25,1333.7703203297222,1.5260758221881279,1
7,23,2,6,10,8,89,4456,221,164,313,149,719,10,12,16,1.5883017265029873,107,847.6209440874733,2.163368268344299,1
2,0,2,13,12,5,61,2627,267,108,382,164,491,17,5,23,0.5557853053871075,1,930.4617659604888,1.058073360509204,0
2,5,4,15,10,11,32,10495,53,43,406,198,482,12,10,26,0.8049530350823159,83,1946.7893879913754,0.9771066347331069,1
2,20,3,9,15,12,84,7626,139,176,455,131,743,11,6,18,0.6128361576977576,14,402.2946781247465,1.417727559131567,1
4,5,2,4,14,12,34,6004,153,157,434,240,576,15,6,26,2.1724233643336333,115,683.3088510551036,2.632222036185441,0
7,11,5,14,14,1,51,10326,186,83,202,157,355,5,7,14,3.9983340436621737,3,1086.3231665678043,0.12084392020194101,0
2,12,1,5,3,1,33,11378,168,177,407,227,707,15,8,29,0.7927794156600669,85,1706.1134350588145,2.414498451889416,1
5,12,5,2,10,12,40,14283,182,58,396,241,612,10,9,17,0.7385701225444459,49,494.61619471351014,1.1069628379732694,0
6,14,5,11,18,4,50,7652,105,53,324,211,727,11,6,15,3.252801852634921,37,698.5183126242978,2.5638570773654332,0
2,20,6,9,14,14,46,7416,145,111,337,167,554,16,10,20,1.0661966116435249,22,318.4367920314302,2.4066090265075695,0
4,15,6,3,3,3,81,4170,261,92,224,139,758,11,8,28,0.5782891867340589,58,1470.7734788914731,1.0462837421882651,1
7,21,1,9,12,10,57,4835,227,134,267,243,386,13,3,13,0.9175580332073304,89,628.776983856109,2.081629605964848,1
4,20,5,3,18,1,74,9017,124,86,260,231,230,15,3,27,4.626283839796203,114,899.6145512077109,0.4788982703203204,0
2,10,2,2,1,14,56,3151,192,165,228,189,459,15,11,10,4.125209138603335,74,998.6626046534021,2.688844656491364,0
7,4,3,12,13,14,22,10429,81,91,218,127,620,14,12,22,1.8349163555399612,27,1804.3650840916202,1.2134731933557283,0
6,3,1,10,3,2,47,12927,77,186,370,195,728,9,8,23,3.313521759904225,119,940.3945225962262,1.3668768460656007,1
2,2,4,9,15,6,21,7905,71,46,273,130,750,5,12,10,2.7326508009733868,65,461.4050358474483,2.1172771531109547,0
4,18,5,15,19,7,16,3834,282,95,260,102,503,6,10,20,3.4179088910645636,7,1143.7668890122177,2.462520710114553,0
3,19,1,8,13,11,68,13452,66,35,352,235,238,19,9,26,3.445088647067521,28,1933.3243903675334,0.7090282299846288,1
5,17,0,5,14,12,10,10190,108,87,475,123,688,8,14,13,3.180796673793966,10,1293.83415389146,1.9840504196309863,0
4,14,0,11,2,5,93,3567,139,98,247,114,741,9,8,21,1.4038967058328122,100,1970.0969968290306,1.1759941316674456,1
7,8,6,2,7,10,14,2307,285,185,410,144,477,13,6,19,0.29113146173780885,17,1713.993156089966,1.106108772011884,1
2,16,3,15,15,4,90,9848,248,91,338,107,402,15,9,15,2.3322772317515335,54,264.73836118414306,2.070077471821964,1
5,13,2,6,9,12,34,3660,155,198,309,170,265,19,11,10,4.4657720349844485,49,1385.1192716786754,1.1615498224678031,0
2,14,3,8,3,0,32,11403,234,111,382,207,307,5,13,16,2.890536566741022,13,716.1803796041905,1.0383255004932228,0
7,0,3,5,17,7,83,11101,75,198,227,214,467,7,12,25,4.178716104339348,117,1207.310340160503,2.5076652243787274,1
2,20,3,16,1,2,15,4730,74,100,396,202,421,9,12,23,4.958959280510018,73,702.8213436762078,0.3038283714930191,0
3,21,3,18,16,14,33,11238,187,160,390,224,729,7,9,29,0.9017194002775537,98,827.9667498895227,2.027677868490632,1
5,21,4,6,12,5,65,7207,94,39,250,156,289,8,3,29,3.4897104317957135,8,1861.7036811575229,0.7461761813718739,0
5,2,4,5,3,2,98,4162,132,127,348,129,454,19,12,15,3.404038511130121,98,571.9577328050696,0.04649472547857092,1
7,15,6,16,10,6,39,2140,60,118,467,245,654,18,11,14,4.901781692055565,10,1773.3964124464949,0.5002928066180761,1
3,22,1,13,6,12,27,9458,254,64,249,213,452,7,6,27,4.9294435963687215,62,254.82405452689426,1.8199845893276032,0
4,10,0,5,11,13,46,11037,230,31,445,216,456,8,5,24,3.4647251974482347,107,363.5777690653671,2.127381574457812,0
2,11,3,13,9,6,38,2708,249,153,312,159,582,18,6,15,1.293712480712752,75,1738.4150744916744,0.06317335066896013,0
6,9,6,17,6,11,69,4630,153,53,369,197,641,19,6,28,4.012923606839935,66,1335.0008556365515,0.10927632990516045,0
2,15,1,18,12,14,72,4211,117,103,365,225,798,17,12,10,0.6244427576340867,52,1545.0250484711905,2.707626344528859,1
2,7,0,8,6,8,19,11485,288,195,213,193,289,17,13,10,3.925426590440981,38,576.9518074793377,0.2199174543411595,1
4,5,5,13,16,4,0,12924,144,51,402,233,589,19,4,22,4.5599610083090125,77,1166.7502200621864,2.6825464758497137,0
2,11,2,19,9,14,71,13021,205,183,487,221,781,19,14,12,1.975883634365333,55,1526.9946024283486,0.6844977412527173,0
3,23,4,3,9,7,86,7538,252,68,388,207,243,5,3,19,3.1901129454170944,27,1329.1654466184725,2.2200534004746384,1
3,20,5,8,3,9,62,10702,284,186,354,103,797,16,14,12,2.2076993872744493,74,1049.057780404177,0.9291997468380362,0
5,7,0,2,19,9,66,1475,114,49,254,192,218,12,12,18,2.2450487694418295,38,1927.6108155878867,2.5762560768275513,0
7,3,5,8,3,7,3,8684,98,70,381,105,300,8,14,17,1.6208173566297885,24,1417.0832002162015,2.101364596273074,0
6,7,2,13,6,0,57,10168,224,177,409,131,556,11,3,12,3.834435140206591,20,1833.9514404342283,1.2054403758050856,0
2,17,6,13,0,11,24,2207,101,137,274,205,741,6,10,22,4.687265164415876,9,1513.5869208326262,0.22890736252223864,1
2,4,0,1,11,4,46,14331,151,176,476,245,232,6,4,15,4.70967921024886,42,1523.8343514758296,2.1981005516124212,1
4,8,5,6,12,2,37,2960,265,113,332,114,428,10,14,22,0.9564282958871758,14,344.0328855638228,1.8506542678955447,0
7,3,4,19,9,0,14,1557,231,140,258,221,723,18,12,29,4.3862438833171735,82,847.0363193370985,0.008735153501366222,1
3,21,4,16,14,3,62,14305,237,95,381,195,354,6,7,29,3.7134140629928987,47,1745.0649320953853,0.02825956791733597,0
6,16,1,8,12,7,20,14893,106,187,263,105,622,19,14,21,1.3389032633824176,85,618.6869518677606,2.426378919578082,0
5,8,5,1,8,2,98,1882,96,82,459,211,445,19,6,22,0.4296946033154213,20,407.9105590816391,0.7781992164055616,0
3,0,3,16,8,9,56,11386,208,63,392,219,604,10,10,11,1.4131866077334523,59,786.9909019498282,1.908401003184197,1
7,20,5,9,14,1,52,5761,282,179,342,222,740,15,4,25,4.569820360229476,115,596.7881928067052,1.3626432592957425,1
5,19,6,13,9,10,45,11859,223,96,303,166,360,19,12,15,3.2025755069892847,107,1865.5187506276793,2.590290043565302,1
4,12,0,11,9,8,13,6867,291,163,413,205,316,6,11,28,3.6331678383995722,95,1762.339955603836,2.7508833393074656,1
4,15,0,13,7,9,99,7963,75,56,441,238,470,8,9,22,1.3600465204345698,49,1099.4298145092275,2.990423138036562,1
2,12,6,10,15,4,75,14151,290,39,408,142,686,11,9,26,3.62500196231662,22,310.41897407096246,0.4610524074217405,0
7,13,5,4,16,13,16,13869,163,102,292,244,371,12,3,18,0.23779538076182644,12,1486.2122229676813,2.5888921394264264,0
6,2,6,6,4,6,38,8166,54,125,341,195,473,19,14,26,1.9390745942877678,68,1322.1411164052763,0.7980641301864053,1
5,5,2,7,3,10,8,13982,133,77,311,231,458,7,4,11,3.1710914078574235,3,1946.9984073112926,1.772447624686523,1
3,17,6,5,17,10,98,8929,101,99,258,180,334,18,6,28,0.8158731711524692,91,1206.1158324866785,1.5173185016076327,1
7,18,4,11,18,1,76,6347,154,129,242,140,621,19,6,28,4.13271751478998,77,805.5087021252369,0.05396439471716297,0
7,4,6,13,3,8,78,8269,252,88,406,232,620,17,13,16,1.2516533641784016,71,1134.2390484414004,2.7983138397182845,1
4,14,0,19,6,12,81,10802,297,31,467,134,385,13,5,19,3.296177452810387,8,1962.6739245281294,0.23498116544765535,0
2,1,4,10,9,8,96,12680,103,186,495,121,563,6,9,19,2.0854659986191155,114,1453.452378559455,2.0646567582232076,0
2,9,0,10,17,3,5,9125,210,94,317,249,577,12,14,29,3.0206136178404717,34,1409.5570482686921,2.3550205086247864,1
5,23,1,11,18,3,90,14527,227,112,219,211,722,12,10,18,0.6265077078816498,100,633.2268615065937,2.3858635471430527,0
4,17,3,7,3,5,22,3454,215,183,421,110,779,17,4,26,0.1828727196158759,20,1538.4845316091119,0.40648355678653436,0
7,12,0,18,9,9,58,5494,204,39,365,102,395,18,6,24,4.556865694163476,57,1550.4892930491892,1.3427098515239164,1
6,4,4,4,0,9,90,2946,275,82,330,236,297,8,5,11,1.421187042959196,17,771.1201707966295,2.4882866113019393,0
4,22,1,2,17,9,97,14002,64,108,355,159,221,5,4,13,4.1164173136242495,96,1070.6848983032837,0.908037631136264,1
5,23,0,14,4,5,45,13991,273,88,383,175,649,17,14,28,4.996816472313781,71,730.2859992928209,1.4032460261239907,0
5,0,2,13,14,11,37,3808,110,179,289,186,371,5,8,26,1.136013164194665,114,665.669126583716,0.8183816780995373,1
4,21,6,12,16,0,13,7642,171,77,293,113,582,6,6,14,1.3993366317984426,112,246.61292644907326,1.3906542536559725,1
5,0,3,7,2,13,99,4825,70,178,212,117,333,18,8,16,3.348012959409862,80,713.3811403759978,2.6635137677786402,0
4,17,0,2,11,13,71,4536,95,152,492,212,625,19,4,27,4.8306983095430445,42,1197.1459097808947,1.3653726930983083,1
3,14,1,13,1,8,61,7068,246,51,429,172,224,16,14,16,4.5874903061346455,94,202.88213758825188,1.667736051222961,0
4,16,2,14,0,1,34,4802,183,129,491,122,702,18,6,26,2.564090048321366,97,709.7943508574014,1.2119288499092506,0
4,10,5,17,16,4,18,13369,87,127,225,182,384,13,13,16,3.9960403843809513,5,1786.5385981818501,1.3803515496099765,1
5,20,1,9,15,8,29,5699,111,187,274,224,284,17,8,13,0.7651546801895153,85,1268.5674531932495,0.0455225971392651,0
5,21,6,17,4,3,77,2970,135,54,498,168,766,6,7,17,4.88944710259966,77,1294.1530833457648,0.851236529881368,1
2,16,1,8,14,10,83,6806,239,57,349,146,343,6,5,22,4.825330846776334,66,926.0557490474358,1.3097451652254732,0
2,12,2,2,2,2,24,7142,259,142,347,215,611,10,10,13,0.9022718936079378,11,1417.6498582863398,1.9013909279781867,0
3,0,1,13,6,14,39,13014,127,74,207,129,423,11,9,15,1.5671733115352227,99,541.8789792146465,1.3501557916616764,1
2,1,2,3,10,6,87,3819,251,97,228,124,419,17,5,14,0.590759487783158,11,1673.744258691545,1.0134511299646922,0
4,8,0,16,9,5,13,10094,95,36,495,211,378,11,8,21,1.4314162346010808,108,410.0404158846196,1.1642962060324715,0
5,2,2,6,8,7,25,1364,190,78,408,124,632,19,6,13,4.098183368134513,65,1380.8024383755967,0.7268799876013996,0
2,0,2,19,13,2,86,5258,272,166,327,173,464,17,13,18,1.9537464751097717,1,814.0687864754295,2.7734828483221587,0
2,20,3,7,12,4,21,4119,271,193,315,157,628,13,7,13,0.5331451390191161,14,1545.5233470484582,1.5652296773727437,0
3,15,2,10,1,9,47,11750,52,112,343,193,615,10,13,28,1.7769050714166326,22,1189.576192278836,0.040228361616369335,0
7,22,2,9,2,3,82,2863,271,158,434,218,652,18,7,23,4.908778337782272,28,1014.2354692616892,0.05833877525863984,0
3,5,5,2,6,14,50,1115,55,167,206,226,396,12,9,14,3.1854496167700947,80,504.9603237678446,2.9188849048561245,0
4,16,0,15,17,12,2,8084,142,193,244,124,753,15,13,27,2.1391886373901734,95,1346.278635711835,0.6643526741197351,1
5,4,6,5,2,3,41,9016,57,102,438,177,252,10,7,19,0.916038716136623,6,1954.5857181567435,2.416824866442944,0
3,4,3,4,9,3,18,3384,221,75,354,198,679,6,13,28,4.932266306690105,93,1686.086164832627,0.17482590468172343,0
2,5,5,4,6,9,72,14168,286,135,380,215,642,5,5,21,4.122160145389331,27,308.01474666022125,2.763488210083647,1
5,2,4,18,8,7,27,4935,284,189,414,147,529,9,12,27,1.4792387820095052,13,877.2128810501439,2.6232510110000353,1
5,20,0,4,16,5,83,14127,157,61,287,109,450,18,7,26,0.4433366090338283,43,1866.0494165424893,1.7132794873035442,1
2,22,0,17,10,2,44,8742,210,35,455,198,322,13,9,20,0.3774652311500344,29,1105.4787456026386,0.02699597184976732,0
3,4,4,12,6,9,70,6442,258,195,272,110,586,12,7,12,0.6898529325771158,80,1391.8012864547225,0.7734326220700127,1
2,20,6,17,13,4,77,3490,289,174,378,184,538,18,7,26,2.945766059710666,31,1842.6788220645028,1.2204679421953948,1
7,4,2,10,18,5,62,7980,124,103,411,248,547,17,11,10,4.650940763906912,109,1772.8304427557853,1.3801923502426852,0
5,9,5,1,3,4,72,14324,126,143,492,234,228,8,5,24,2.5340427972293242,69,1103.2766759729197,0.8930362756871161,0
6,9,1,18,5,5,18,10134,99,56,433,225,234,9,8,18,4.230432864035366,114,987.7633447836837,0.09884360473658993,1
6,18,3,18,9,7,46,8661,60,83,438,163,717,17,3,24,2.2848444373130588,87,811.4467132632568,1.7703822177796265,1
4,16,1,14,6,6,13,2724,144,192,422,101,595,9,12,12,3.572059374262344,5,1494.234997693204,1.5724640030842678,0
2,20,4,15,12,4,37,11526,205,114,318,175,493,10,7,28,3.6861764127038543,26,716.5762390487779,0.8490019062872332,0
2,13,0,12,13,9,52,9182,285,156,463,220,788,7,10,22,0.9524221589263594,81,649.7976915756203,0.11392790270881958,0
4,8,6,4,3,5,60,3767,119,182,406,141,548,9,7,21,1.8699586889814779,87,841.2498102868042,2.9837825616658202,0
4,13,0,3,7,13,35,2137,218,185,294,153,346,6,11,29,3.2227805670363177,100,518.9871023818257,1.4459585604792178,0
4,0,3,12,4,3,39,11719,65,140,421,174,266,14,13,10,0.4464133801033944,119,1451.2156687023812,2.2680127253222313,1
5,18,0,7,0,11,80,5117,117,44,475,115,719,5,8,26,1.8715469200384875,23,1309.233168795102,1.3569421051540065,0
7,12,0,11,3,8,29,4420,148,161,430,117,321,15,10,22,2.7205173847778434,101,1069.1813614085186,0.12951087258882432,0
2,12,3,1,2,12,8,6845,97,122,318,189,539,5,12,10,4.981500015918729,33,902.5864026707984,0.9288022352565002,0
5,3,5,6,8,3,63,5778,233,152,467,243,374,14,10,19,2.4252144568499596,39,1836.3125772141168,0.9603304230177035,0
4,0,5,15,7,0,32,4906,113,102,472,105,796,11,5,24,4.098678109860185,46,252.4228129803895,2.515058712147048,0
2,16,3,15,0,6,51,4637,236,184,263,207,650,6,9,16,2.217129696826427,78,1584.3939383131385,1.962689933999623,1
5,7,6,19,5,6,88,3953,139,183,497,147,756,8,9,27,4.002314540836574,74,1823.4372291479997,0.8262897109184185,0
7,1,4,11,8,3,13,6929,239,176,210,141,335,9,12,25,3.0175325279385317,85,1003.4382429738667,2.903219863977258,1
5,7,0,2,6,12,74,11559,298,121,297,175,215,11,14,23,4.444317663361752,117,1191.2428846471641,0.9646254971936141,0
7,6,6,14,3,13,52,13413,125,46,270,176,532,6,8,27,2.1136185065155386,23,1900.0346381876682,2.994702077486161,1
4,1,0,2,12,2,98,1276,188,72,257,231,394,18,14,16,3.061091657125247,64,582.099527513926,2.9884910795107897,1
7,21,4,4,16,7,58,2999,150,150,489,229,695,10,9,26,3.1870915350322546,17,1136.2427260124327,0.5736315532402254,0
2,21,5,17,1,4,77,2227,138,70,450,158,208,5,4,27,2.1451764148223194,43,1054.4980288307834,0.9382233485652005,0
4,2,6,3,4,9,93,7337,67,199,475,126,533,11,11,21,0.8071290140686594,75,665.1067661666661,1.4581325954539626,0
2,17,2,13,11,6,40,12944,68,197,249,178,532,13,12,17,0.5584410938704443,56,1673.4678146715944,1.9923020134436729,0
6,11,2,9,7,3,67,4735,264,68,415,171,526,9,12,11,0.1816905979382022,106,1819.2810705738245,1.5841423470113978,0
3,0,2,7,5,3,67,1695,104,142,251,106,214,9,3,16,4.380317894801552,27,1607.478643618776,2.9083244073967705,1
7,21,5,15,7,7,91,10501,151,180,470,210,425,8,3,13,1.2587270699696034,103,551.6461295274951,2.1719674927070747,0
3,11,5,11,17,13,7,5152,167,140,283,218,624,7,5,27,1.1363830714806635,70,356.14754390248686,0.6361345481489232,0
3,4,4,2,2,7,1,8901,259,76,492,162,607,13,5,15,3.7065734620877215,22,1289.8000735496162,0.31529265064091494,1
7,16,0,15,11,1,85,8470,203,92,325,223,312,9,3,18,1.6680789541282197,84,302.7705689177911,2.06520387212807,0
4,15,4,14,2,13,40,12426,183,139,495,111,627,12,14,18,2.5796189928179993,33,1411.0865994045516,0.47535732054228896,1
6,14,4,11,5,1,54,13306,53,98,271,240,200,13,9,23,0.8963042199575358,10,1154.7635965890368,2.3630305210072624,0
2,22,5,3,1,2,15,8537,157,72,495,142,465,9,6,17,4.802754035163649,85,1393.0143189385944,0.9331100017810109,1
5,14,2,17,11,14,92,11503,164,63,435,116,690,14,12,28,4.272748860084463,105,1262.3073925695392,0.9806797891668195,0
2,4,1,12,1,11,61,3841,78,69,255,162,407,13,4,12,4.332569152528516,34,960.864625148911,0.032395177168535905,1
5,20,0,15,5,11,47,5208,108,90,309,219,568,6,12,27,2.0931913680028256,115,561.5789242524108,2.103033801285122,1
2,13,5,16,16,2,29,12751,174,91,391,135,505,13,7,14,3.835569947165147,92,750.2638444588794,0.33980925919405736,0
7,1,2,5,2,0,11,12590,147,87,292,107,211,15,8,23,0.8049931614099228,41,1144.1010335941576,2.3186417323905544,0
6,10,6,6,1,14,34,9733,66,190,255,168,544,8,11,13,0.14223311269972339,27,1373.3625685656907,1.4756034657516204,0
5,18,1,19,19,13,10,11886,156,104,259,189,664,10,6,16,0.1978673696323378,81,1603.0694303921512,2.352839444863707,1
4,6,1,5,7,2,63,13866,92,45,337,135,693,10,4,29,2.9743485132823464,77,1580.9072932083095,1.7517796175932239,1
2,5,5,3,11,5,49,2088,294,111,238,127,567,10,7,21,2.33143503571491,81,1950.8397378699535,0.24729981605697227,1
2,1,3,1,3,7,84,4363,129,123,227,217,619,6,5,11,2.638275209651747,91,714.514607594137,2.296957010115549,0
5,5,0,6,4,12,20,1024,243,77,248,192,370,11,4,20,0.1365693880443751,23,327.99927478418624,0.20939845468424922,0
4,17,1,15,12,11,68,10764,211,167,324,175,333,17,14,23,2.1711644363213862,7,822.1824839753467,1.4361051617079967,1
4,1,5,2,14,13,47,7144,296,111,212,200,626,10,3,25,3.6185339898842184,105,1537.930055403338,0.5170476424348899,0
7,17,5,3,15,9,19,12150,57,67,235,243,224,15,12,29,2.269199139640436,117,988.6009718599313,2.257005533933655,1
7,14,2,17,9,5,66,6668,190,156,300,113,729,18,4,15,3.6878741109298896,108,1672.019175060955,2.73477368341838,0
7,18,6,12,15,4,43,5236,155,48,481,170,389,5,8,13,1.2417929255444906,52,1188.787457334827,1.6623784900748229,0
7,1,3,18,11,14,32,10959,57,193,285,223,340,6,10,24,4.084395821960455,71,1873.6251007349053,1.5814418828975416,1
7,19,0,15,16,3,72,13935,271,92,203,224,754,11,5,10,2.9833130782219164,3,1906.154195598324,2.291889588976854,0
7,5,4,12,15,2,60,9068,145,106,422,136,514,5,13,16,1.1327391872065407,90,324.74811083374766,0.015236438927181628,0
6,0,6,16,11,12,8,3235,277,160,365,128,643,19,11,21,1.2599303316837815,99,1021.5441914823638,2.753275927905482,0
4,23,6,8,7,3,67,8295,288,131,477,242,518,5,14,19,3.1773492763907316,4,1297.4403102492224,0.5923464512733951,0
7,14,2,14,19,13,34,9392,143,94,329,118,640,5,11,14,4.166704006740972,96,660.570573461983,2.952356651478712,0
4,22,1,17,2,6,80,12390,114,149,230,205,291,12,4,21,2.1365761319428604,48,932.7382028821644,2.2087618438813865,1
4,9,1,8,15,0,97,9448,220,120,210,120,378,8,10,27,1.3656721027252021,97,1419.826774011857,2.3227534431020134,0
3,18,2,15,12,6,87,4747,88,37,295,163,255,8,12,19,4.348356873861942,29,608.1216084170505,1.9686089411208196,1
6,16,5,14,18,0,95,13834,130,102,389,126,354,17,13,15,3.3794146295790912,71,1283.5664353540144,1.4149895483554809,0
7,4,1,18,7,1,64,11433,236,163,391,154,310,6,14,21,2.295618887687075,102,1455.406090695751,1.7148830800834964,0
2,3,3,7,4,14,7,4175,133,136,465,128,336,15,7,16,2.4907109568685795,62,362.8933599725601,0.13920865804537697,1
5,9,0,3,19,3,44,12798,137,118,327,247,431,15,6,27,1.1008566928883425,46,1095.5527688494149,1.8718785282960428,1
2,23,6,12,7,0,86,12528,291,68,437,124,667,15,12,11,3.1713328873177358,25,673.5440538635435,1.8782943059611403,0
6,16,6,3,11,10,46,5897,135,142,311,169,680,5,7,19,1.8578383016601545,56,1503.8954407964802,2.6736023922054284,0
5,9,3,14,0,11,39,6037,142,57,344,162,267,16,6,24,4.978661365704311,36,541.1999153664929,1.5169690722906584,1
6,16,1,15,19,10,75,8427,135,126,264,229,448,14,10,21,2.4528992247832506,97,1806.0282479685916,0.23143312225818302,1
4,19,6,14,5,14,53,9605,93,66,446,249,522,13,6,26,2.480839470329105,6,975.6944057329885,0.9185877614462437,1
5,23,4,7,17,10,75,3014,186,166,422,115,717,11,12,13,2.8726737583122923,39,556.4054545535963,1.9668882363429523,1
4,4,0,17,7,8,45,2381,214,111,305,245,631,8,14,16,4.592104415281859,91,988.4392334305928,0.7177765882543917,0
2,1,0,12,6,11,46,2098,123,85,380,199,686,16,8,18,4.024008689312777,38,935.7387730553502,0.8415834655662028,0
2,5,6,4,0,5,14,4426,85,114,383,129,628,10,4,28,2.310537342009423,61,972.0541270886785,2.4614070490825606,0
5,20,2,9,15,12,18,4655,150,31,425,144,468,18,7,16,3.6216264032667005,102,1254.0103282954044,1.7529591952881272,0
5,1,6,6,11,0,25,8938,269,87,464,118,736,6,8,11,2.9725539440257323,91,1138.1127048443675,1.5255822953207177,0
7,12,2,16,5,0,51,10101,205,136,477,133,347,11,7,15,2.51259853863612,77,469.5988370256248,0.955355900417413,1
6,10,6,2,19,5,92,1187,219,152,288,240,317,6,14,27,1.0423472866433177,52,318.04233076394536,2.1927841077991,1
7,10,4,8,1,3,21,13236,220,197,375,161,566,14,4,15,2.373287690928966,113,1512.9478077077729,0.863155303470088,1
6,15,5,11,13,3,20,12948,262,193,217,217,265,12,9,22,1.3045110764106158,101,1207.4913846709642,2.2111905529325258,0
7,10,0,13,3,14,50,11207,265,143,305,199,569,12,6,28,4.582726534273108,3,846.2013825426748,0.21030444080232602,1
4,18,6,17,0,10,37,6409,219,136,470,121,374,5,10,11,1.7434933861321003,105,1655.0440804965328,2.593624024746251,0
5,14,4,8,17,14,19,3092,153,66,366,210,787,17,9,21,4.7660936712135245,81,898.5052536697225,1.4986993901277983,0
2,22,2,18,12,5,28,12836,115,108,212,172,694,12,9,24,2.711970921464085,107,1632.7371612810934,1.31552405009691,0
6,22,2,18,1,14,50,3130,104,121,231,246,313,6,11,23,3.194567455513186,111,750.3610295222744,1.8330702346257737,1
6,15,0,14,8,13,3,6242,249,47,239,137,310,10,3,15,2.7604081779977063,24,331.1215355813596,1.8725762186888113,0
2,10,3,15,1,11,54,9549,225,127,347,169,638,17,12,27,0.7339650231368344,6,1878.7514488398724,0.39610553066998666,0
7,21,6,6,8,10,70,6647,140,92,417,215,346,5,8,14,1.941523973138911,101,910.1920327064717,2.26870076944864,1
6,15,1,11,0,6,91,6185,71,179,418,178,234,9,8,27,0.5858159501603573,27,1626.8466311288803,0.8277848938501887,0
4,7,2,13,10,8,27,6776,150,168,281,247,508,15,8,12,3.1524748164985708,68,702.4594398001481,2.714885640509742,1
5,3,5,1,2,9,3,11614,204,33,407,108,737,11,14,12,2.289683556482151,66,1363.4572018225808,2.4535519902444975,0
2,7,5,6,19,4,21,13449,170,164,400,131,213,17,8,19,3.9121263606975907,107,1771.959571863911,1.0387981246042455,1
5,3,2,9,3,8,75,8913,142,90,237,231,573,14,14,28,1.1803053568969124,94,274.9592402119646,2.4232178796021433,0
6,23,3,8,17,3,44,8547,244,136,410,149,756,5,12,12,0.9063736863037412,110,1695.1443764349606,1.0691714978997124,0
6,2,3,11,5,12,66,8823,157,83,448,181,627,19,9,21,2.0910279317224623,105,1228.3994089494715,0.30284304490812186,1
2,2,4,19,2,9,85,8355,190,117,426,104,432,6,12,25,4.6402683777700675,19,1293.4491570354246,2.885664716177124,0
4,17,5,9,10,1,65,7465,222,97,247,247,762,11,8,26,3.581066893560818,82,1141.6844014507687,1.9578060456463202,1
3,18,4,17,14,2,87,13737,59,158,217,186,639,10,3,16,2.1527257614853017,111,1774.0551859105562,1.368298579987775,0
2,18,5,12,4,12,33,2497,277,84,494,225,701,7,5,22,2.634633631796122,10,278.18004302414744,1.1933200545931189,1
3,20,6,14,19,10,90,14324,58,32,395,174,474,18,4,11,0.5126437547677819,103,669.8511047645266,0.9741160027747919,0
7,4,6,15,9,0,54,11350,231,195,386,121,275,14,8,13,4.924421892242954,66,1776.3725699464796,2.944342786287388,0
3,17,1,16,11,13,0,3555,297,150,423,167,638,6,10,19,3.3653957930051033,86,1554.2222645575207,0.4042417953927222,0
4,9,6,1,14,13,71,6409,296,158,428,143,488,14,5,16,1.4984799354707703,6,231.76128832149053,0.9444151767617049,1
7,21,1,10,16,5,86,11534,204,131,276,133,739,8,12,26,2.9704611316546976,22,1130.6113097774755,1.4564929208479906,1
3,20,6,8,9,12,37,3951,83,67,387,176,452,7,10,29,0.6364635937380705,60,1153.2308252828147,1.4339986351629341,1
7,5,0,18,5,5,5,2238,292,114,469,141,325,11,10,15,4.83259967715716,70,921.5878432302387,1.4140994532235305,1
3,0,6,1,17,0,85,10165,178,186,294,236,376,12,7,28,0.9564464406284932,109,735.3079977115815,0.5273514474911455,1
4,4,4,2,12,10,24,5727,209,162,331,205,236,6,10,14,3.2753485584705495,33,1427.1047307422157,0.43479758132850166,0
3,8,2,1,2,12,81,4965,138,121,238,194,609,14,8,19,1.3027268664407594,105,574.0228364685569,0.7643027589858602,0
3,11,4,1,9,2,16,6686,142,50,271,234,326,11,7,18,3.6160507749778255,18,1638.107411729071,2.7435784614061682,0
3,13,2,9,13,4,60,10242,120,138,480,167,682,12,11,22,3.9064246994773777,57,1645.4668893814492,0.3391589035035304,0
2,1,3,13,5,2,11,4701,290,76,359,246,367,10,9,28,3.39975667166602,8,947.4705876310769,2.2722753101199746,0
2,16,4,1,2,9,5,3780,116,113,386,227,791,10,10,15,3.111047355250444,47,710.3864196373657,2.272645179400114,1
2,13,3,13,15,2,89,8398,261,112,390,184,493,14,3,13,4.473098560364857,114,710.9807268632837,2.429311211691787,0
4,12,1,7,6,13,26,2588,197,64,319,182,542,5,13,12,0.4852708838498144,81,1068.1243831931783,2.6598464669680664,1
7,8,1,2,19,9,7,13070,166,98,419,194,509,8,4,12,1.7214823523229565,40,1495.2426045488457,0.7891085326167908,0
6,14,0,6,13,2,82,3368,143,158,252,131,727,18,10,13,1.3166086501911454,47,845.9636437889458,0.6736784078066891,1
3,21,6,7,8,4,64,6789,212,169,421,165,739,5,14,14,4.941268414120565,44,1298.0780218239527,1.3965169995824391,1
3,14,4,14,14,12,56,1436,148,56,330,215,618,8,11,17,2.0080099203676802,105,888.4720290486698,0.7952675062561084,1
4,23,3,18,2,4,92,3828,162,85,436,237,643,6,6,25,3.689802226277954,24,748.14174047249,2.2029299669493225,0
3,10,2,15,1,3,98,2556,152,52,445,229,757,15,14,12,3.455153303016923,115,244.74712864842948,1.9078187302243008,0
2,15,1,2,1,0,39,8570,140,182,425,159,435,17,12,21,1.139198063639151,77,207.04539032370315,2.6249630641579547,0
6,16,6,10,2,4,13,14364,139,50,407,116,638,9,13,17,1.2710886330366016,107,608.973820097608,0.2482149104612147,0
5,3,1,12,17,9,34,13050,255,90,295,195,413,14,12,22,1.4782943614098674,24,931.5313162417918,2.7452500000742246,1
3,0,2,17,13,4,47,8480,66,92,399,243,284,18,11,13,2.1145236634709583,18,1732.2701012517084,0.8800458800102686,1
2,7,6,8,19,3,83,10496,67,151,446,115,284,13,6,23,1.2481928216875815,38,1637.2716372747657,1.4720830377809522,1
5,16,6,11,17,5,55,11576,222,81,271,145,688,15,12,23,0.19629226545955425,118,680.8974726583817,1.315834307818931,1
6,2,3,3,9,9,48,1182,165,117,384,206,264,19,12,22,4.409025978355258,78,640.1727973717389,2.2809349533132717,0
5,19,3,6,1,3,12,8190,142,182,205,187,263,16,12,15,4.831488173766332,79,609.1797279260494,1.2609999282955275,1
2,14,4,9,0,13,60,7687,261,84,405,228,542,14,11,26,1.773694896454683,26,810.6272129519606,2.830659436948228,0
7,14,4,6,3,6,48,6565,230,75,231,238,551,7,13,13,1.7586837091848173,103,1096.7576952110337,2.7076016479157263,1
7,23,5,9,13,6,45,8241,140,61,298,218,357,12,9,17,0.13474988259441784,73,989.6019896568358,2.6164834559085195,1
5,21,5,7,0,1,61,8651,131,84,455,184,788,7,4,26,3.4332283728188333,62,592.8917578066887,0.2137749979446837,1
4,13,0,9,13,2,7,6575,117,125,386,103,690,10,11,12,4.144655489168281,67,434.81253789851246,2.5627741846618184,0
5,22,1,18,15,0,42,2589,242,162,275,170,662,8,6,26,0.8183806717640155,114,222.6400624751517,2.3449063363296316,0
3,13,4,12,13,7,19,10779,163,65,376,210,424,12,10,18,0.8823651118990387,18,477.1338295997069,0.310538841018393,1
3,23,3,8,19,8,96,9851,50,139,486,149,512,15,9,11,3.9714079248600456,27,1469.641466349413,0.3222429763086656,1
7,1,2,8,2,3,89,1159,107,135,454,239,665,10,9,22,3.119824666935309,84,638.5494248220493,0.3034914345526235,1
4,12,3,18,2,5,38,13145,203,87,389,194,287,12,10,29,0.3198167323758134,110,1043.4832582187178,0.03399777961346262,0
2,13,1,15,8,8,84,7555,158,68,326,191,502,5,3,11,3.1504802532651803,77,1264.3420680618406,1.6459029155837506,0
3,23,5,7,5,5,48,10203,197,109,486,164,634,10,7,29,1.613696841934454,32,1796.3136250968928,2.92018287430813,0
7,18,3,11,12,13,63,9244,165,126,453,146,334,5,4,20,1.9067532618071454,111,1799.939177108155,1.3160541086993807,1
6,6,0,16,1,11,61,14333,136,142,412,205,249,5,4,24,3.871683949654713,9,1542.3207206264462,1.6222725056620693,0
7,2,1,4,7,11,53,14341,59,90,449,229,631,12,3,20,4.073582444095792,82,263.28258568730257,2.9039093903098667,1
3,14,5,6,1,11,8,7846,108,166,283,205,539,19,7,12,2.0617474715151705,29,1235.1267543537467,0.7655466863226921,0
3,22,2,3,3,8,87,3307,252,35,212,123,546,11,4,12,4.741049386431138,21,1615.8502474967117,2.575410757794789,1
7,13,5,9,14,14,36,2228,90,138,244,103,546,7,6,21,2.091667317965154,2,231.11848057405376,1.6391714016352084,1
2,10,6,10,3,3,48,8226,154,64,326,207,444,10,5,14,3.8819965726275387,100,1189.432304581841,1.7084295439890322,0
5,14,0,14,12,7,40,6590,182,68,313,118,308,19,5,29,2.4709985963648697,104,1743.975462414853,1.0295215716218507,1
3,12,1,11,11,8,16,7919,171,179,475,139,732,13,4,16,4.497908399958212,81,1053.3837365160805,1.6847530829007242,1
7,17,2,18,12,3,87,6585,242,198,404,149,289,11,8,16,4.548030093885875,74,207.39116521540723,0.2194275284348518,1
7,5,0,12,13,4,20,10227,194,147,472,174,495,16,4,22,0.5283423585683109,47,219.82404500409342,2.2939307178423367,0
4,2,5,12,19,13,50,12894,71,34,257,111,311,7,10,18,4.688817323420106,1,949.944867344751,0.854063284632815,1
5,18,0,13,17,7,58,7046,147,199,418,126,788,18,10,22,4.145120723450037,75,479.0156013501582,2.662824988481865,0
6,14,1,13,5,11,38,13237,297,116,308,212,376,18,14,21,3.977422500132068,53,1396.0111827678672,1.1035520838223754,0
2,22,4,19,10,9,54,5945,286,105,478,148,542,17,7,22,1.08446556445906,5,1475.8386768310772,0.4284723314606478,1
6,4,0,19,1,13,40,8927,218,187,373,243,300,10,12,19,4.045084122897858,106,520.1836318291314,2.0876447231054547,0
5,9,6,14,18,5,38,13641,270,86,463,229,600,15,9,10,4.26565039995668,39,1799.3599193440728,0.49373443414050855,1
5,6,0,4,18,11,12,14386,117,156,310,159,227,8,6,17,1.5168366388253398,107,995.4341209620666,2.261041546628971,0
5,16,5,13,4,6,63,8016,246,58,386,129,736,18,3,25,4.766074383975386,92,457.12263366546273,2.9043367092183496,1
6,6,5,8,18,2,10,8758,188,194,468,183,257,17,13,22,0.34431471735590485,93,1575.6528765249118,2.3386586063857853,0
5,21,2,19,1,6,18,14752,105,116,428,127,697,7,4,12,0.8345553409109844,1,1621.954100030191,0.06734774529397403,1
7,11,5,12,9,11,10,6086,228,170,355,124,496,13,12,12,2.7341475764524206,72,1350.7318507978234,1.7996573641583242,1
6,16,3,18,1,13,76,10456,198,189,388,195,333,14,12,14,2.9213831084993176,110,1736.2379957645956,2.086232012909173,1
5,12,1,6,10,7,45,8161,148,75,471,224,530,6,6,20,3.261235408174427,1,1527.2713496552083,2.4763749773888555,1
7,19,1,18,17,9,44,2884,125,145,201,109,448,5,3,16,0.18314873364578566,92,1787.9703270085831,0.16800692681700047,0
4,3,4,19,14,5,0,2809,75,141,445,141,749,19,10,19,4.805797195648438,96,980.998487273863,1.440323483856859,0
5,9,4,5,8,14,39,4167,164,180,409,139,274,18,11,19,0.3184816543973056,73,1545.6748305789963,1.606112617915183,1
6,2,1,9,18,9,18,12989,196,74,485,176,367,6,6,29,0.8010035683446717,97,1999.5528141722798,0.5073745879325341,0
3,8,6,3,8,8,75,11533,158,174,212,204,702,11,12,11,0.1686711358776792,107,1504.8761555353146,0.9673494291319489,1
5,12,4,10,2,12,71,7352,237,133,295,217,554,14,5,12,2.8776063231410642,54,405.5308044268379,1.3206651787684955,1
3,17,2,19,8,5,71,12606,248,114,420,141,424,5,4,17,4.668107731212764,71,1132.9737003725295,2.4996290638734044,0
7,14,5,3,13,11,60,14399,96,163,437,146,730,10,7,20,3.363141113794275,100,1257.2260242374502,2.7882226982106206,0
4,3,1,15,18,8,11,10009,296,137,293,121,345,18,5,22,4.131021595554094,117,513.5792151285038,1.8852684867530187,1
2,14,4,1,6,12,60,7056,120,47,468,206,440,11,12,16,0.16507789694704242,59,1933.2049415204676,1.1848355580643863,0
4,21,1,7,15,3,32,3437,203,123,370,126,543,13,9,22,2.7558749625506582,96,516.0435997423093,0.7620930533969579,1
5,1,3,12,15,7,44,7468,89,179,293,140,234,19,13,11,2.3518585897770574,110,519.6042554838009,2.9464055533084514,0
3,14,0,17,0,10,89,10080,182,62,348,179,200,18,8,15,2.544942926681886,5,1847.300848354199,2.949059994229075,0
3,7,5,5,3,3,91,6951,198,187,311,188,352,12,3,18,0.453844608142421,107,1037.3697796190079,2.7749308447051044,0
6,7,1,4,3,1,68,6276,255,155,254,165,628,10,14,29,3.4537332692396068,103,313.73890269412914,2.357007449633458,0
3,16,0,12,6,9,7,9859,181,189,315,111,707,7,10,11,2.565780032807309,108,1276.7374998893515,0.9773386312368547,0
6,11,4,18,7,10,24,8818,72,199,342,172,325,12,4,27,3.849229364320194,18,1283.287427539486,2.451001450492892,1
7,18,0,17,16,8,90,5728,155,151,400,175,690,11,7,25,2.4779241069024054,95,316.10136563581125,1.2263790518135176,0
2,9,5,19,4,4,45,3624,133,167,379,189,681,7,11,21,0.8319700175095173,26,1950.5404921405916,0.9803192944651355,0
5,8,1,9,6,3,86,6738,192,144,401,109,544,13,10,16,3.2764590749813283,0,1179.253937530236,2.2345960753988385,1
6,4,3,4,19,1,29,5232,291,193,252,195,420,16,4,16,0.9446931743153145,106,1207.6322999235756,0.23896178286126868,1
2,5,6,2,19,0,46,6793,165,191,379,119,224,6,11,26,4.374733360438593,115,1136.20774610431,0.14568816988698507,1
3,19,4,4,3,10,86,5523,158,57,336,138,727,7,7,22,3.104269571439284,32,1299.317203360316,1.3438610915435567,0
3,1,1,2,5,6,48,6571,270,40,381,159,381,6,12,20,0.8702990294290759,39,675.7395549927589,1.3369164024664857,0
2,23,5,15,6,5,46,10010,185,196,200,165,698,17,8,15,4.815456481657914,31,717.0344263547134,2.686932459191505,1
3,12,4,2,17,14,83,11380,90,76,243,164,241,5,5,23,2.639990770343071,68,1120.410361633039,0.37845928886345037,1
7,5,2,4,4,14,81,10298,161,156,426,223,680,8,5,15,0.4572024141711095,16,1652.0345385744433,0.36985178235723837,1
7,4,0,6,19,1,17,3224,196,176,297,229,638,9,12,15,3.17148123163383,7,289.7562376895219,0.4423578014247035,1
2,0,6,7,2,7,65,9389,161,147,407,156,601,17,10,11,1.3406746443627704,56,1286.1275819964428,0.08920878388380782,0
6,20,5,10,6,10,67,11863,152,172,464,177,745,10,13,29,4.038097914198782,41,1652.2006565113652,0.21519521344472514,0
6,21,2,19,13,3,93,7091,95,155,487,128,544,9,12,24,4.107328160474334,97,482.4510896670089,1.979609600487117,0
2,20,1,19,6,7,32,12684,205,185,470,114,244,5,12,26,4.896842043687843,8,227.04057556501934,1.2947529873525276,0
6,5,3,12,4,14,35,11640,287,181,339,111,220,7,14,17,2.5591607020200686,119,762.8839312546245,2.290809201264041,0
6,5,4,3,4,6,81,9662,298,101,436,200,269,5,4,14,2.3292887106659124,86,1258.6586721132767,2.9777931557449806,1
7,22,0,13,1,4,18,7361,268,136,271,183,247,15,13,26,3.7920304666877556,34,448.9097121285459,1.977104043297004,0
6,15,4,18,5,9,27,2948,117,166,354,224,690,9,14,29,0.7491062160754401,113,967.0202677504739,0.1513667118603712,1
4,3,6,8,14,9,39,14216,171,62,389,202,750,9,14,10,2.7798860175863087,70,1194.1786952737002,0.31368859426302453,1
5,10,1,15,9,11,83,13091,64,48,467,123,486,16,4,27,2.77661324064117,78,1277.989570563171,2.6430122544441232,1
3,23,4,1,6,7,96,11202,276,103,306,248,209,15,7,24,0.5384183017708974,52,693.9410978006753,1.5824878336747847,0
4,22,0,3,4,13,75,12992,214,197,431,237,741,17,8,14,2.1481220189838766,53,920.0533447753245,2.47451147818722,1
6,8,1,8,0,8,14,8094,178,186,241,209,473,10,14,16,4.28109551297929,83,1601.0106123216058,2.569837008674778,0
7,22,4,4,12,4,40,14193,244,127,389,177,799,12,4,27,4.295152747773836,113,1894.186449417234,2.783023624498558,1
2,2,3,16,17,9,38,7318,160,170,338,200,580,14,7,15,0.586264558106437,24,1751.384596012863,2.849487616459097,0
6,18,5,10,12,4,1,13310,73,158,302,245,528,16,9,14,0.5445323254643712,66,1215.7103031201773,1.6644773895099187,1
7,7,1,12,17,1,62,4796,76,191,370,241,678,5,12,28,1.3872078373094832,61,938.5270452991037,1.0230605167681017,0
5,4,5,14,4,4,28,13180,89,122,472,227,214,8,12,19,4.386353706514568,54,799.3219058685528,2.8855946230439957,1
6,3,1,14,12,2,73,1234,240,77,420,157,715,14,10,24,0.7316226668601449,45,424.9218189512325,1.6422192180036759,1
2,23,3,2,3,6,65,14412,238,93,412,175,390,15,14,19,3.627984332874487,23,391.7922449890034,0.19275816886383312,1
7,5,5,5,16,9,50,10120,213,90,255,249,367,5,9,25,0.5957115361042058,97,1439.043724844584,1.928329650179595,1
7,1,2,5,2,4,74,4607,275,186,301,135,720,13,10,21,3.1533754833643446,45,667.6299491080887,1.7630542511850322,0
7,19,0,6,16,7,76,9043,270,68,391,121,336,15,14,27,1.8447297656838098,21,658.3910355784042,2.687378618684118,0
5,10,2,13,10,0,9,1522,73,157,399,226,353,11,11,10,3.965678418532749,10,1996.751098060014,1.9595615674734375,0
6,3,4,9,19,2,13,6904,73,117,432,179,587,11,7,25,1.245083199244282,47,538.2667241728318,1.0471572733846541,1
5,14,3,15,3,2,81,12715,283,55,426,199,408,16,7,15,3.2320889640108037,7,466.50756707989336,2.8986771771174613,1
3,5,2,14,1,8,50,13718,53,46,338,195,471,9,13,12,1.2548444194218364,38,377.6334099678571,2.4048584579461005,1
3,21,1,7,19,4,72,5888,116,100,348,247,342,11,12,11,3.596935387249554,106,1243.649621300233,1.891252855144063,1
6,16,4,2,15,11,38,10821,83,42,314,117,268,16,6,11,4.381022369347669,34,1330.1548868037826,0.8787756102093687,1
5,23,4,7,17,8,27,6832,234,98,262,137,446,19,11,22,0.7213288157211242,48,857.4102672623875,1.1206208889428866,1
